{
  "urls": [
    "ch10.ogg",
    "ch10.m4a"
  ],
  "sprite": {
    "silence": [
      0,
      1000,
      true
    ],
    "LuckyNumberSelect_5": [
      1050,
      1652.8117913832198
    ],
    "PrizeWin": [
      3100,
      1096.0770975056691
    ]
  }
}