{
  "urls": [
    "ch11.ogg",
    "ch11.m4a"
  ],
  "sprite": {
    "silence": [
      0,
      1000,
      true
    ],
    "NumberMatch": [
      1050,
      2905.1927437641725
    ],
    "YourNumberSelect_RevealAll": [
      4100,
      1982.2222222222222
    ]
  }
}