{
  "urls": [
    "ch2.ogg",
    "ch2.m4a"
  ],
  "sprite": {
    "silence": [
      0,
      1000,
      true
    ],
    "BetUp": [
      1050,
      491.4512471655328
    ],
    "BuyButton": [
      2100,
      1442.3582766439908
    ],
    "Collect": [
      4150,
      6733.877551020408
    ],
    "LuckyNumberAutoReveal": [
      11200,
      3681.315192743764
    ],
    "LuckyNumberSelect_2": [
      15249.999999999998,
      1549.3877551020407
    ]
  }
}