{
  "urls": [
    "ch1.ogg",
    "ch1.m4a"
  ],
  "sprite": {
    "silence": [
      0,
      1000,
      true
    ],
    "BackgroundMusicTerm_LOSE": [
      1050,
      1600.0000000000002
    ],
    "BackgroundMusicTerm_WIN": [
      3100,
      3315.736961451247
    ],
    "BetDown": [
      7150,
      503.65079365079345
    ],
    "InstantWin20x": [
      8200,
      2349.160997732426
    ],
    "LuckyNumberSelect_1": [
      11249.999999999998,
      1362.0634920634914
    ],
    "MegamatchTileFlip": [
      13299.999999999996,
      1640.6349206349198
    ]
  }
}