{
  "urls": [
    "ch4.ogg",
    "ch4.m4a"
  ],
  "sprite": {
    "silence": [
      0,
      1000,
      true
    ],
    "Click": [
      1050,
      1038.2539682539684
    ],
    "GoldCoinReveal": [
      3100.0000000000005,
      2648.662131519274
    ],
    "LuckyNumberSelect_4": [
      6150,
      1617.0068027210887
    ]
  }
}