{
  "urls": [
    "ch5.ogg",
    "ch5.m4a"
  ],
  "sprite": {
    "silence": [
      0,
      1000,
      true
    ],
    "InstantWin20x": [
      1050,
      2349.160997732427
    ],
    "Spin": [
      4100.000000000001,
      11155.419501133785
    ],
    "YourNumberSelect_1": [
      16149.999999999998,
      1028.0498866213143
    ]
  }
}