{
  "urls": [
    "ch7.ogg",
    "ch7.m4a"
  ],
  "sprite": {
    "silence": [
      0,
      1000,
      true
    ],
    "SpinStop": [
      1050,
      5731.383219954649
    ],
    "YourNumberSelect_3": [
      7100,
      1096.0770975056687
    ]
  }
}