{
  "urls": [
    "ch3.ogg",
    "ch3.m4a"
  ],
  "sprite": {
    "silence": [
      0,
      1000,
      true
    ],
    "BetMax": [
      1050,
      730.2494331065759
    ],
    "CoinFlip": [
      2100,
      7939.319727891157
    ],
    "LuckyNumberSelect_3": [
      10150,
      1683.151927437642
    ]
  }
}