{
  "urls": [
    "ch6.ogg",
    "ch6.m4a"
  ],
  "sprite": {
    "silence": [
      0,
      1000,
      true
    ],
    "InstantWin20x": [
      1050,
      2349.160997732427
    ],
    "SpinButton": [
      4100.000000000001,
      863.3786848072563
    ],
    "YourNumberSelect_2": [
      5150,
      1082.1995464852607
    ]
  }
}