{
  "urls": [
    "ch9.ogg",
    "ch9.m4a"
  ],
  "sprite": {
    "silence": [
      0,
      1000,
      true
    ],
    "MegamatchRevealAll": [
      1050,
      1999.9999999999998
    ],
    "NumberMatch": [
      3099.9999999999995,
      2905.1927437641725
    ],
    "YourNumberSelect_5": [
      6149.999999999999,
      1063.4693877551022
    ]
  }
}